2;Universidade Paulista;Sao Paulo;ND;"Fernando Di Genio Barbosa  (Diretor Secretário) ";(11)55864240;secretariageral@unip.br;Rua Doutor Bacelar 1212 ;0;0;0;849;ND;907;0;15;466135;291768;160;0;174207;0;0;6426;7951;USD;0;0;670075426;ND;www.unip.br/
2;Universidade Norte do Paraná;Londrina;ND;"Gislaine Moreno (Dirigente ) ";(43)33717700;cadastro@unopar.br;Avenida Paris 675 ;1;0;0;609;ND;59;0;19;412725;268108;82;0;144535;0;0;683;1787;USD;0;0;416265742;ND;www.unopar.br/
2;Universidade Estácio de Sá;Rio de Janeiro;ND;"Rogerio Frota Melzi (Diretor Presidente ) ";(21)33119716;vr.graduacao@estacio.br;Av. das Américas 4200 Bloco 11;1;0;0;62;ND;519;0;32;216614;151095;277;0;65242;0;0;2921;2205;USD;0;0;513057183;ND;www.estacio.br/
2;Universidade Nove de Julho;Sao Paulo;Eduardo Storopoli ;ND;(11)26339000;uninove@uninove.br;Rua Vergueiro 235 ;0;0;0;20;Bauru-Botucatu-Campinas-Guarulhos-Osasco-Presidente Prudente-Santo André-Sao Bernardo do Campo-Sao José do Rio Preto-Sao José dos Canpos-Sao Manuel- Sao Paulo-Sorocaba;183;0;51;203408;138158;414;0;64836;0;0;2887;1745;USD;0;0;308197170;ND;www.uninove.br/
2;Universidade Anhanguera - UNIDERP;Campo Grande;ND;"Gislaine Moreno(Dirigente ) ";(67)33488114;uniderp@uniderp.br;Rua Ceará 333 ;1;0;0;409;ND;39;0;18;169538;122157;0;0;47381;0;0;391;400;USD;0;0;575539794;ND;www.uniderp.br/
2;Centro Universitário Internacional;Curitiba;ND;"Edimilson Picier (Diretor Executivo) ";(41)21024944 ;benhur.g@uninter.com;"Rua do Rosário  Nº:  147CEP:  80020-110 ";1;0;0;1011;ND;22;0;16;160006;103135;0;0;56871;0;0;334;1016;USD;0;0;106756044;ND;ND
2;Centro Universitário Leonardo da Vinci;Indaial;ND;"Gislaine Moreno (Diretor ) ";(47)32819000;giancarlo@grupouniasselvi.com.br;Rodovia BR-470 1040 KM 71;1;0;0;85;"Manaus-Alagoinhas-Feira de Santana-Itabuna-Jacobina-Paulo Afonso-Salvador-Teixeira de Freitas-Serra Itumbiara-Porangatu-Posse-São Luís-Campo Grande-Maracaju-Colíder-Belém-Cametá-Marabá-Curitiba-Maringá-Ji Paraná-Rolim de Moura-Bento Gonçalves-Camaquã-Capão da Canoa-Erval Seco-Passo Fundo-Porto Alegre-São Paulo das Missões-Balneário-Camboriú-Blumenau-Brusque-Capivari de Baixo-Criciúma-Florianópolis-Guaramirim-Herval d´Oeste-Imbituba-Indaial-Itapiranga-Ituporanga-Ituporanga-Joinville-Lages-Palhoça-Rio do Sul-Xaxim-Mairinque ";13;0;29;106780;85210;0;0;21570;0;0;206;101;USD;0;0;100111787;ND;www.nead.com.br/
2;Centro Universitário das Faculdades Metropolitanas Unidas;Sao Paulo;ND;"Marcelo Barbalho Cardoso (Administrador) ";(11)33466200;depto_normas@fmu.br;Rua Taguá 150 Prédio 1 - Campus Li;0;0;0;13;Sao Paulo;102;0;0;76827;48509;57;0;28261;0;0;1669;1079;USD;0;0;154265801;ND;portal.fmu.br/
2;Centro Universitário de Maringá - UNICESUMAR;Maringa;ND;"Claudio Ferdinandi (Diretor Presidente)";(44)30276385;normas@unicesumar.edu.br;"Avenida Guedner  Nº:  1610 CEP:  87050-390 ";1;0;0;60;Salvador-Brasília-Belo Horizonte-Betim-Contagem-Itajubá-Patrocínio-Poços de Caldas-Sete Lagoas-Ubá-Varginha-Campo Grande-Três Lagoas-Primavera do Leste-Rondonópolis-Sinop-Belém-Eldorado dos Carajás-Apucarana-Arapongas-Astorga-Barbosa Ferraz-Campina Grande do Sul-Campo Mourão-Cascavel-Cornélio Procópio-Curitiba-Foz do Iguaçu-Goioerê-Grandes Rios-Guarapuava-Ibiporã-Londrina-Maringá-Medianeira-Ponta Grossa-Roncador-União da Vitória-Rio de Janeiro-Rio Grande-Santa Maria-Balneário Camboriú-Blumenau-Florianópolis-Ituporanga-Jaraguá do Sul-Lages-Major Vieira-São Bento do Sul-Campinas-Presidente Prudente-Santo Anastácio-São Paulo-São Vicente-Suzano-Teodoro Sampaio-Palmas ;53;0;16;64652;40988;96;0;23568;0;0;437;1219;USD;0;0;70069170;ND;www.cesumar.br/
2;Universidade Anhembi Morumbi;Sao Paulo;ND;Eduardo Moreira Giestas;(11)32931709;coordgeral@anhembi.br;Rua Casa do Ator 275 ;1;0;0;43;Anápolis-Caldas Novas-Catalão-Goiânia-Itumbiara-Belo Horizonte-Poços de Caldas-Pouso Alegre-Sete Lagoas-Varginha-Campo Grande-Dourados-Ponta Porã-Barra do Garças-Cáceres-Primavera do Leste-Rondonópolis-Curitiba-Foz do Iguaçu-Rio de Janeiro-Porto Alegre-Florianópolis-Lages-Araraquara-Barretos-Bauru-Botucatu-Bragança Paulista-Campinas-Guarulhos-Jundiaí-Piracicaba-Ribeirão Preto-São Bernardo do Campo-São José do Rio Preto-São José dos Campos-São Paulo;113;0;26;63094;44667;99;0;18328;0;0;926;1576;USD;0;0;165439861;ND;portal.anhembi.br/
2;Pontifícia Universidade Católica de Minas Gerais;Belo Horizonte;ND;Dom Walmor Oliveira de Azevedo;(31)33194444;prograd@pucminas.br;Avenida Dom José Gaspar 500 ;0;0;0;17;Arcos-Belo Horizonte-Betim-Contagem-Guanhaes-Juiz de Fora-Mariana-Pirapora-Pocos de Caldas-Serro-Sete Lagoas-Teófilo Otoni;120;0;3;61687;48479;1095;0;12113;0;0;2266;2289;USD;0;0;201223184;ND;www.pucminas.br/
2;Universidade Potiguar;Natal;ND;"Milton Da Rocha Camargo (Diretor Presidente da Apec) ";(84)32151366;reitoria@unp.br;Avenida Nascimento de Castro 1597 ;1;0;0;74;"Rio Branco-Maceió-Manaus-Amapá-Salvador-Fortaleza-Brasília-Colatina-Vitória-Anápolis-Goiânia-Luziânia-São Luís-Belo Horizonte-Coronel Fabriciano-Divinópolis-Montes Claros-Uberlândia-Campo Grande-Cuiabá-Belém-Santarém-João Pessoa Jaboatão dos Guararapes-Recife-Teresina-Cascavel-Curitiba-Londrina-Maringá-Rio de Janeiro-Caicó-Currais Novos-Mossoró-Natal-Parnamirim-Porto Velho-Canoas-Porto Alegre-Santa Maria-Chapecó-Florianópolis-Aracaju-Araçatuba-Bauru-Campinas-Guarulhos-Marília-Osasco-Piracicaba-Presidente Prudente-Ribeirão Preto-Santos-São José do Rio Preto-São José dos Campos-São Paulo-Sorocaba-Palmas ";67;0;9;54079;41462;97;0;12520;0;0;972;880;USD;0;0;103641222;ND;unp.br/
2;Universidade Salgado de Oliveira;Sao Goncalo;ND;Wellington Salgado de Oliveira;(21)26201069;reitoria@nt.universo.edu.br;Rua Lambari 10 Térreo;0;0;0;21;Salvador-Cachoeiro de Itapemirim-Goiânia-Belo Horizonte-Juiz de Fora-Pompéu-Três Marias-Várzea da Palma-Cáceres-Juín-Primavera do Leste-Caruaru-Recife-São José do Egito-Angra dos Reis-Campos dos Goytacazes-Niterói-Nova Friburgo-São Gonçalo-Passo Fundo-Uruguaiana ;118;0;11;51831;35566;88;0;16177;0;0;1258;1556;USD;0;0;196917399;ND;www.universo.edu.br/
2;Universidade Luterana do Brasil;Canoas;ND;Adilson Ratund;(51)34774000;valdinei@ulbra.br;Rua Farroupilha  8001. 8001 ;0;0;0;298;ND;181;0;21;47839;37372;253;0;10214;0;0;1205;1762;USD;0;0;212502685;ND;www.ulbra.br/
2;Universidade Tiradentes;Aracaju;ND;"Jouberto Uchoa de Mendonca Junior (Dirigente) ";(79)32182100;reitoria@unit.br;Avenida Murilo Dantas 300 ;1;0;0;30;Maceió-Sítio do Quinto-Aquidabã-Aracaju-Boquim-Capela-Carira-Carmópolis-Estância-Itabaiana-Lagarto-Laranjeiras-Monte Alegre de Sergipe-Neópolis-Nossa Senhora da Glória-Nossa Senhora das Dores-Nossa Senhora do Socorro-Poço Verde-Porto da Folha-Propriá-Ribeirópolis-São Cristóvão-São Domingos-Simão Dias-Tobias Barreto-Umbaúba-Umbaúba;61;0;16;43158;29877;147;0;13134;0;0;921;840;USD;0;0;76432533;ND;www.unit.br/
2;Centro Universitário do Norte;Manaus;ND;"Milton Da Rocha Camargo (Diretor Presidente) ";(92)32125345;kelly.souza@uninorte.com.br;Avenida Joaquim Nabuco 1232 ;1;0;0;14;Manaus;45;0;6;41192;29605;0;0;11587;0;0;721;758;USD;0;0;70644504;ND;www.uninorte.com.br/
2;Universidade Presbiteriana Mackenzie;Sao Paulo;ND;Mauricio Melo de Meneses;(11)21148391;legislacao.normas@mackenzie.br;Rua da Consolação 896 Campus São Paulo;0;0;0;3;Sao Paulo-Campinas-Barueri;46;0;0;40311;31118;824;0;8369;0;0;1364;1701;USD;0;0;219944245;ND;www.mackenzie.br/
2;Universidade de Uberaba;Uberaba;ND;Marcelo Palmério;(34)33198800;uniube@uniube.br;Av. Nene Sabino  1801  Santa Marta. 1801 Campus Universitário;0;0;0;42;Itabuna-Santa Brígida-Brasília-Afonso Cláudio-Anchieta-Barra de São Francisco-Cachoeiro de Itapemirim-Cariacica-Castelo-Colatina-Nova-Venécia-Quirinópolis-Araxá-Barbacena-Belo Horizonte-Caratinga-Governador Valadares-Guanhães-Janaúba-Juiz de Fora-Montes Claros-Ponte Nova-São Gotardo-Teófilo Otoni-Timóteo-Uberaba-Uberlândia-Barcarena-Belém-Parauapebas-Santarém-Tucuruí-Campina Grande-Curitiba-Maringá-Belford-Roxo-Franca-Nova Granada-Santa Adélia-São José do Rio Preto-São Paulo;43;0;24;40093;31801;78;0;8214;0;0;697;2074;USD;0;0;91021445;ND;www.uniube.br/
2;Universidade de Caxias do Sul;Caxias do Sul;ND;Ambrosio Luiz Bonalume;(54)32182143;rec-cursos@ucs.br;Rua Francisco Getúlio Vargas 1130 Bloco A;0;0;0;14;Bento Gonçalves-Canela-Caxias do Sul-Farroupilha-Guaporé-Montenegro-Nova Prata-Porto Alegre-São Marcos-São Sebastião do Caí-Terra de Areia-Vacaria-Veranópolis;146;0;17;39577;30759;342;0;8476;0;0;1074;1278;USD;0;0;115651656;ND;www.ucs.br/
2;Universidade do Grande Rio Professor José de Souza Herdy;Duque de Caxias;ND;Anadir Cordeiro Herdy;(21)26727813;daa@unigranrio.com.br;Rua Professor José de Souza Herdy 1160 ;0;0;0;15;Duque de Caxias-Macaé-Magé-Nova Iguaçu-Rio de Janeiro-São João de Meriti-Silva Jardim;83;0;0;39234;28350;0;0;10884;0;0;748;887;USD;0;0;84054953;ND;www.unigranrio.br/
2;Centro Universitário Estácio do Ceará;Fortaleza;ND;Virgilio Deloy Capobianco Gibbon (Diretor) ;(85)34564165;ana.chaves@estacio.br;Rua Vicente Linhares  Nº:  308 ;1;0;0;4;Fortaleza;35;0;0;38899;25899;0;0;13000;0;0;493;250;USD;0;0;127450723;ND;portal.estacio.br/unidades/centro-universitario-estacio-do-ceara.aspx
2;Universidade do Vale do Rio Dos Sinos;Sao Leopoldo;ND;"João Geraldo Kolling (Diretor-Presidente )";(51)35911122;elianam@unisinos.br;Av. Unisinos  950 Cristo Rei 950 Centro Comunitário;0;0;0;10;Curitiba-Canoas-Caxias do Sul-Porto Alegre-Santa María-Sao-leopoldo-Florianópilis-Joinville;88;0;11;37736;26352;1150;0;10234;0;0;1085;1034;USD;0;0;140175232;ND;www.unisinos.br/
2;Universidade de Santo Amaro;Sao Paulo;ND;"Sebastião Lacarra Medina (Diretor Presidente) ";(11)21418800;institucional@unisa.br;Rua Enéas de Siqueira Neto  340   Jardim das Imbuias. 340 ;0;0;0;59;"Maceió-Bom Jesus da Lapa-Feira de Santana-Itabuna-Paulo Afonso-Salvador-Brasília-Marataízes-São Mateus-Vitória-Açailândia-São Luís-Araxá-Belo Horizonte-Belo Horizonte-Carmo do Paranaíba-Luz-Montes Claros-Paracatu-Patos de Minas-São João do Paraíso-Unaí-Campo Grande-Miranda-Ananindeua-Belém-Marabá-Parauapebas-João Pessoa-Fernando de Noronha-Teresina-Campos dos Goytacazes-Cacoal-Santa Maria-Capão Bonito-Caraguatatuba-Diadema-Embu-Fernandópolis-Itapecerica da Serra-Mogi Guaçu-Praia Grande-Registro-São Bernardo do Campo-São Carlos-São Paulo-São Vicente-Suzano-Tambaú";37;0;18;36622;25098;18;0;11506;0;0;643;947;USD;0;0;53388831;ND;www.unisa.br/
2;Universidade Cidade de São Paulo;Sao Paulo;ND;Hermes Ferreira Figueiredo (Presidente da Mantenedora) ;(11)21781419;gabreit@unicid.br;Rua Cesário Galeno 448/475 432;1;0;0;46;Lauro de Freitas-Salvador-Cuiabá-Belém-Amparo-Atibaia-Boituva-Caraguatatuba-Cotia-Cravinhos-Cubatão-Diadema-Franco da Rocha-Guaratinguetá-Itanhaém-Itaquaquecetuba-Jundiaí-Leme-Osasco-Piracicaba-Salto de Pirapora-Santa Bárbara d´Oeste-Santa Rosa de Viterbo-São Bernardo do Campo-São Caetano do Sul-São José dos Campos-São Paulo-Sorocaba-Suzano;55;0;15;35913;25782;118;0;10013;0;0;494;371;USD;0;0;56942967;ND;www.unicid.edu.br/
2;Pontifícia Universidade Católica do Paraná;Curitiba;ND;"Delcio Afonso Balestrin (Presidente da Mantenedora) ";(41)32712303;alboni.vieira@pucpr.br;Rua Imaculada Conceição 1155 ;0;0;0;7;Toledo-Sao José dos Pinhais-Maringá-Londrina-Curitiba;102;0;0;35395;24769;885;0;9741;0;0;1693;1414;USD;0;0;206996963;ND;www.pucpr.br/
2;Pontifícia Universidade Católica de Goiás;Goiania;ND;Dom Washington Crus  CP;(62)39461001;reitoria@pucgoias.edu.br;AVENIDA UNIVERSITÁRIA 1440 CAIXA POSTAL 86;0;0;0;4;Goiania-Ipameri-Luziania-Quirinópolis;49;0;0;35099;26308;644;0;8147;0;0;1670;1031;USD;0;0;149824588;ND;www.ucg.br/
2;Universidade Bandeirante Anhanguera;Sao Paulo;ND;ND;ND;ND;ND;1;0;0;0;ND;266;0;0;34823;24846;219;0;9758;0;0;538;328;USD;0;0;575539793;ND;www.uniban.br/
2;Universidade Cândido Mendes;Rio de Janeiro;ND;Candido Antonio Jose Francisco Mendes de Almeida;(21)32219558;prplanejamento@candidomendes.edu.br;Rua da Assembléia 10 Sala 4208;0;0;0;16;Araruama-Campos dos Goytacazes-Niterói-Nova Friburgo-Rio de Janeiro;86;0;0;34248;25442;298;0;8508;0;0;689;995;USD;0;0;56375090;ND;www.ucam.edu.br/
2;Centro Universitário Una;Belo Horizonte;Atila Simoes da Cunha;ND;(31)33791240;reitoria@una.br;Avenida Raja Gabaglia 3950 ;1;0;0;20;Belo Horizonte-Contagem-Formiga-Juiz de Fora-Viçosa-Campo Grande-João Pessoa-Recife-Aracaju-Araçatuba-Campinas-Santos-Sorocaba ;80;0;0;32881;20702;90;0;12089;0;0;933;648;USD;0;0;107769956;ND;www.una.br/
2;Centro Universitário Claretiano;Batatais;"Luis Claudio de Almeida (Pro-Reitor Acadêmico) ";ND;(16)36601666;proreitoracad@claretiano.edu.br;Rua Dom Bosco 466 ;0;0;0;45;Rio Branco-Maceió-Barreiras-Feira de Santana-Vitória da Conquista-Brasília-Vitória-Rio Verde-Belo Horizonte-Campo Grande-Cuiabá-Rondonópolis-Curitiba-Buritis-Ji Paraná-Porto Velho-São Miguel do Guaporé-Vilhena-Boa Vista-Pelotas-Araçatuba-Barretos-Batatais-Bragança Paulista-Campinas-Caraguatatuba-Guaratinguetá-Mogi das Cruzes-Rio Claro-Santo André-São José do Rio Preto-São José dos Campos-São Paulo-Palmas;19;0;29;32802;19243;0;0;13559;0;0;217;579;USD;0;0;29927381;ND;claretianobt.com.br/
2;Universidade Cruzeiro do Sul;Sao Paulo;ND;Hermes Ferreira Figueiredo;(11)20375708;sueli.marquesi@cruzeirodosul.edu.br;Avenida Doutor Ussiel Cirilo 225 Vila Jacuí;1;0;0;10;Brasília-Goiânia-São Luís-João Pessoa-Londrina-Caraguatatuba-São Paulo;98;0;13;31761;21923;326;0;9512;0;0;522;407;USD;0;0;73446704;ND;www.cruzeirodosul.edu.br/
2;Universidade de Fortaleza;Fortaleza;ND;Airton José Vidal Queiroz;(85)34773104;reitoria@unifor.br;Avenida Washington Soares 1321 ;0;0;0;3;Fortaleza-Mossoró;42;0;0;31738;24866;392;0;6480;0;0;1235;1440;USD;0;0;139022829;ND;www.unifor.br/
2;Pontifícia Universidade Católica do Rio Grande do Sul;Porto Alegre;Magda Rodrigues da Cunha (Pró-Reitora Acadêmica ) ;ND;(51)33203630;ceda@pucrs.br;Av. Ipiranga  6681. 6681 ;0;0;0;3;Porto Alegre-Uruguaiana-Viamao;64;0;0;31720;24195;1891;0;5634;0;0;1433;2115;USD;0;0;156155549;ND;www.pucrs.br/
2;Universidade de Cuiabá;Cuiaba;ND;"Gislaine Moreno (Diretora de Desenvolvimento Institucional)";(65)36151000;ddi@kroton.com.br;Avenida Beira Rio 3100 ;1;0;0;25;Água Boa-Alta Floresta-Apiacás-Arenápolis-Barra do Garças-Cáceres-Campo Novo do Parecis-Comodoro-Cuiabá-Diamantino-Itiquira-Jaciara-Juara-Mirassol d´Oeste-Nova Olímpia-Pontes e Lacerda-Porto dos Gaúchos-Primavera do Leste-São José do Rio Claro-Sinop-Tangará da Serra-Terra Nova do Norte-União do Sul ;57;0;0;31617;21405;34;0;10178;0;0;305;666;USD;0;0;123425442;ND;www.unic.br/
2;Universidade Católica de Brasília;Brasilia;ND;Jose Nilton Dourado da Silva;(61)33569000;pauloh@ucb.br;Q. S 07 Lote 01 EPCT  Águas Claras. LOTE 01 ;0;0;0;26;Manaus-Salvador-Fortaleza-Brasília-Vitória-Anápolis-Rio Verde-Belo Horizonte-Coronel Fabriciano-São João del Rei-Uberlândia-Belém-Petrolina-Recife-Campos dos Goytacazes-Rio de Janeiro-Natal-Porto Velho-Porto Alegre-Santo André-Santos-São José dos Campos-São Paulo-Palmas;42;0;18;31275;19184;6396;0;5695;0;0;917;1039;USD;0;0;82507110;ND;www.ucb.br/
2;Centro Universitário Anhanguera de São Paulo;Sao Paulo;ND;"Gislaine Moreno (Dirigente)";(11)31886700;daex.aesa@aesapar.com;Avenida Brigadeiro Luis Antônio 871 ;1;0;0;9;SAO PAULO;155;0;0;31107;17696;0;0;13411;0;0;499;218;USD;0;0;575539794;ND;www.anhanguera.com/graduacao/localidades/uniban_matriz_centro_univ.php
2;Universidade São Judas Tadeu;Sao Paulo;ND;Mauricio Nogueira Escobar (Dirigente);(11)27991933;daa@usjt.br;Avenida Vital Brasil 1000 ;1;0;0;2;SAO PAULO;53;0;0;30954;21216;77;0;9661;0;0;608;548;USD;0;0;79274695;ND;www.usjt.br/index.php
2;Universidade Metodista de São Paulo;Sao Bernardo do Campo;ND;Wilson Roberto Zuccherato (Dirigente) ;(11)43665538;sgeral@metodista.br;Rua do Sacramento 230 ;0;0;0;43;Itabuna-Salvador-Vitória da Conquista-Fortaleza-Brasília-Vitória-Ceres-Imperatriz-Belo Horizonte-Campo Grande-Rondonópolis-Altamira-Campina Grande-Recife-Londrina-Macaé-Petrópolis-Volta Redonda-Porto Velho-Bauru-Bertioga-Birigui-Campinas-Eldorado-Franca-Guaratinguetá-Guarulhos-Itanhaém-Itapeva-Lins-Mauá-Presidente Prudente-Ribeirão Preto-Santos-São Bernardo do Campo-São José do Rio Preto-São José dos Campos-São Paulo-Sorocaba;48;0;15;30655;21909;324;0;8422;0;0;570;1057;USD;0;0;57239933;ND;portal.metodista.br/
2;Centro Universitário Maurício de Nassau;Recife;ND;Janyo Janguie Bezerra Diniz (Dirigente Principal) ;(81)96491504;emec@sereducacional.com;"Rua Guilherme Pinto  Nº:  114 CEP:  52011-210";1;0;0;22;Natal-Recife-Paulista-Joao Pessoa-Campina Grande-Fortaleza-Slavador-Lauro de Freitas-Maceió;48;0;0;29828;20159;0;0;9669;0;0;724;1910;USD;0;0;89137667;ND;www.mauriciodenassau.edu.br/
2;Universidade do Vale do Itajaí;Itajai;Mario Cesar Dos Santos ;ND;(47)33417575;reitoria@univali.br;Rua Uruguai 458 ;0;0;0;10;Balneário Camboriú-Balneário Piçarras-Biguaçu-Florianópolis-Itajaí-São José-Tijucas ;89;0;5;29179;20724;502;0;7953;0;0;1261;1119;USD;0;0;110185582;ND;www.univali.br/
2;Centro Universitário Augusto Motta;Rio de Janeiro;ND;Ana Cristina Monteiro da Motta Cruz (Chancelar) ;(21)38829702;reitoria@unisuam.edu.br;Avenida Paris 72 ;0;0;0;7;Rio de Janeiro;56;0;0;28685;20143;61;0;8481;0;0;474;498;USD;0;0;45303822;ND;www.unisuam.edu.br/
2;Universidade de Franca;Franca;ND;Hermes Ferreira Figueiredo (Presidente da Mantenedora) ;(16)37118888;sai@unifran.br;Avenida Doutor Armando Sales Oliveira 201 ;1;0;0;46;Montes Claros-Passos-Patos de Minas-Poços de Caldas-Uberaba-Uberlândia-Varginha-Viçosa-Bauru-Bragança Paulista-Campinas-Franca-Guarulhos-Mogi Guaçu-Mongaguá-Osasco-Peruíbe-Piracicaba-Presidente Prudente-Ribeirão Preto-Santos-São Carlos-São José do Rio Preto-São Paulo-São Vicente-Ubatuba;55;0;27;26677;16683;175;0;9819;0;0;545;443;USD;0;0;29639223;ND;www.unifran.edu.br/
2;Universidade de Mogi das Cruzes;Mogi Das Cruzes;Regina Coeli Bezerra de Melo Nassri;ND;(11)47987048;reitoria@umc.br;Avenida Doutor Cândido Xavier de Almeida Souza 200 Campus Universitário;1;0;0;2;Mogi das Cruzes-São Paulo ;71;0;0;26310;19125;89;0;7096;0;0;773;396;USD;0;0;70608576;ND;www.umc.br/
2;Centro Universitário de Belo Horizonte;Belo Horizonte;ND;"Flavio Korn (Representante Legal) ";(31)33199252;reitoria@unibh.br;Avenida Prof. Mário Werneck 1685 Bloco B 1;1;0;0;5;Belo Horizonte;70;0;0;25041;16317;4;0;8720;0;0;652;1332;USD;0;0;85641160;ND;www.unibh.br/
2;Universidade Guarulhos;Guarulhos;ND;Alessandro Poli Veronezi (Representante Legal) ;(11)24099222;lvillasboas@ung.br;Praça Tereza Cristina 88 ;0;0;0;6;Guarulhos-Itaquaquecetuba-São Paulo;65;0;0;24505;17291;115;0;7099;0;0;653;710;USD;0;0;42422240;ND;www.ung.br/
2;Pontifícia Universidade Católica de São Paulo;Sao Paulo;ND;Dom Odilo Pedro Scherer;(11)36708278;reitoria@pucsp.br;Rua Monte Alegre 984 ;0;0;0;6;Barueri-Sao Paulo-Sorocaba;61;0;1;23325;15709;3791;0;3825;0;0;1636;1492;USD;0;0;172794118;ND;www.pucsp.br/
2;Universidade de Passo Fundo;Passo Fundo;ND;"Alexandre Augusto Nienow (Presidente do Conselho Diretor da FUPF) ";(54)33168113;reitoria@upf.br;Upf Campus Passo Fundo - Campus I s/nº BR 285 - KM 171;0;0;0;7;Carazinho-Casca-Lagoa Vermelha-Palmeira das Missões-Passo Fundo-Sarandi-Soledade ;105;0;0;23116;17640;395;0;5081;0;0;958;1278;USD;0;0;102447879;ND;www.upf.br/
2;Universidade Feevale;Novo Hamburgo;ND;"Luiz Ricardo Bohrer (Presidente da Mantenedora)";(51)35868800;moanam@feevale.br;Rua 239  nº 2755. Vila Nova. 2755 ;0;0;0;2;Novo Hamburgo;58;0;5;22971;16287;126;0;6558;0;0;557;817;USD;0;0;57993706;ND;www.feevale.br/
2;Pontifícia Universidade Católica de Campinas;Campinas;ND;"Sebastiao Carlos Biasi (Vice Presidente) ";(19)33437000;reitoria@puc-campinas.edu.br;Rodovia Dom Pedro I Km 136 Prédio da Reitoria;0;0;0;3;Campinas;64;0;1;22779;18164;137;0;4478;0;0;935;1587;USD;0;0;87338499;ND;www.puc-campinas.edu.br/
2;Universidade do Ceuma - UNICEUMA;Sao Luis;ND;Ana Lúcia Chaves Fecury;(98)32144277 ;ntae@ceuma.br;"Rua Josue Montello  Nº:  01Loteamentoo Bela Vista  CEP:  65075-120 ";0;0;0;7;Bacabal-Imperatriz-São Luís;49;0;4;22509;16193;0;0;6316;0;0;642;416;USD;0;0;67596707;ND;www.ceuma.br/
2;Centro Universitário da Grande Dourados;Dourados;ND;Cecilia Tânia Grinberg Zauith (Presidente da Mantenedora) ;(67)34114141;webmaster@unigran.br;Rua Balbina de Matos 2121 ;0;0;0;37;ND;30;0;10;21502;17388;0;0;4114;0;0;305;346;USD;0;0;15790041;ND;www.unigran.br/
2;Universidade Paranaense;Umuarama;ND;Neiva Pavan Machado Garcia;(44)36212828;degedu@unipar.br;Praça Mascarenhas de Moraes 4282 ;0;0;0;8;Cascave-Cianorte-Francisco Beltrão-Guaíra-Paranavaí-Toledo-Umuarama;98;0;2;21487;15733;93;0;5661;0;0;747;1214;USD;0;0;56772436;ND;www.unipar.br/
2;Universidade Nilton Lins;Manaus;ND;Nilton Costa Lins Júnior;(92)36432000;csantana@niltonlins.br;Av. Prof. Nilton Lins  3259. Parque das Laranjeiras. 3259 ;0;0;0;2;Manaus;34;0;0;21007;13787;0;0;7220;0;0;489;166;USD;0;0;42555634;ND;www.graduacao.niltonlins.br
2;Centro Universitário do Instituto de Educação Superior de Brasília - IESB;Brasilia;Eda Coutinho Barbosa Machado de Souza ;ND;(61)34489800;iesb@iesb.br;SGAN Quadra 609 Modulo D Av. L2 Norte - Asa Norte S/N Bloco D - Avenida L2;1;0;0;6;Rio Branco-Brasilia-Campo Grande;47;0;0;20546;14139;0;0;6407;0;0;638;331;USD;0;0;79054157;ND;www.iesb.br/
2;Pontifícia Universidade Católica do Rio de Janeiro;Rio de Janeiro;ND;Pedro Magalhaes Guimaraes Ferreira;(21)35271133;isabela@puc-rio.br;Rua Marques São Vicente 225 ;0;0;0;1;Rio de Janeiro;48;0;0;19630;13626;2371;0;3633;0;0;1310;1753;USD;0;0;165103208;ND;www.puc-rio.br/
2;Centro Universitário de Brasília;Brasilia;ND;Getulio Américo Moreira Lopes;(61)39661252;academico@uniceub.br;Eqn 707 907 Conjunto C S/N Campus do CEUB;0;0;0;3;Brasilia;36;0;0;19417;14942;101;0;4374;0;0;581;1197;USD;0;0;98281013;ND;www.uniceub.br/
2;Universidade Braz Cubas;Mogi Das Cruzes;ND;"Nair Grinberg (Diretora-Presidente) ";(11)47918000;niube@brazcubas.br;Av. Francisco Rodrigues Filho 1233 ;1;0;0;20;São Lourenço-Araucária-Curitiba-São José dos Pinhais-Bragança Paulista-Caraguatatuba-Cruzeiro-Diadema-Jacareí-Mogi das Cruzes-Poá-São Paulo-Suzano ;47;0;14;19065;14068;0;0;4997;0;0;380;308;USD;0;0;32577882;ND;www.brazcubas.br/
2;Centro Universitário Planalto do Distrito Federal - UNIPLAN;Brasilia;ND;"Fernando di Genio Barbosa (Diretor Secretário) ";(61)3459100;marcioacbarros@yahoo.com.br;SGA/SUL QUADRA 913 S/N CONJ B - BLOCO 4;0;0;0;4;Brasilia;25;0;0;18659;12154;0;0;6505;0;0;343;25;USD;0;0;49484744;ND;www.uniplandf.edu.br/
2;Universidade Positivo;Curitiba;ND;"Lucas Raduy Guimaraes (Diretor Presidente) ";(41)33173000;secretaria@up.com.br;Rua Professor Pedro Viriato Parigot de Souza 5300 Conectora 5;1;0;0;7;Curitiba-Ponta Grossa;66;0;1;17482;12375;187;0;4920;0;0;772;715;USD;0;0;79278059;ND;www.up.edu.br/
2;Universidade do Oeste Paulista;Presidente Prudente;ND;"Ana Cardoso Maia de Oliveira Lima(Dirigente) ";(18)32291000;reitoria@unoeste.br;Rua José Bongiovani 700 Campus Universitário;0;0;0;2;PRESIDENTE PRUDENTE;49;0;0;16943;12631;129;0;4183;0;0;659;983;USD;0;0;72631797;ND;www.unoeste.br/
2;Universidade Fumec;Belo Horizonte;ND;Mateus Jose Ferreira;(31)32695250;reitoria@fumec.br;Av. Afonso Pena 3880 ;0;0;0;19;belo Horizonte-Nova Lina-vespasiano;41;0;4;16907;13080;189;0;3638;0;0;514;508;USD;0;0;64738672;ND;www.fumec.br/
2;Universidade Regional Integrada do Alto Uruguai e das Missões;Erechim;ND;Bruno Ademar Mentges;(54)21071255;gabinete@reitoria.uri.br;Avenida Sete de Setembro 1621 ;0;0;0;7;Cerro Largo-Erechim-Frederico Westphalen-Santiago-Santo Ângelo-São Luiz Gonzaga;110;0;0;16890;12835;0;0;4055;0;0;955;812;USD;0;0;66548620;ND;www.uri.br/
2;Centro Universitário Newton Paiva;Belo Horizonte;ND;"Joao Paulo Barros Beldi (Dirigente)";(31)35162638;glaucia.nipar@newtonpaiva.br;Rua José Cláudio de Rezende 80 Reitoria;1;0;0;5;Belo Horizonte-Rio de Janeiro-Natal ;38;0;4;16685;12044;0;0;4641;0;0;468;538;USD;0;0;49209036;ND;www.newtonpaiva.br/
2;Centro Universitário Ritter dos Reis;Porto Alegre;ND;Eduardo Mendonca (Diretor Gral) ;(51)32303333;reitoria@uniritter.edu.br;Rua Orfanotrófio 555 ;1;0;0;3;Canoas-Porto Alegre;32;0;0;16575;10559;94;0;5922;0;0;370;757;USD;0;0;55847590;ND;www.uniritter.edu.br/
2;Centro Universitário de Várzea Grande;Varzea Grande;Drauzio Antonio Medeiros;ND;(65)36886000;univag@univag.com.br;Avenida Dom Orlando Chaves 2655 ;0;0;0;2;Rondonópolis-Várzea Grande;41;0;0;16368;10953;0;0;5415;0;0;368;397;USD;0;0;46891000;ND;www.univag.com.br/
2;Universidade do Grande ABC;Santo Andre;ND;ND;(11)49919800;vice_reitoria@uniabc.br;Avenida Industrial 3330 ;1;0;0;1;ND;44;0;0;16098;10896;0;0;5202;0;0;250;162;USD;0;0;575539794;ND;www.anhanguera.com/graduacao/localidades/uniabc.php
2;Centro Universitário Herminio Ometto;Araras;ND;Duse Ruegger Ometto;(19)35431400;susiane@uniararas.br;"  Avenida Sr. Maximiliano Baruto  Nº:  500  CEP:  13607-339 ";0;0;0;8;Araraquara-Araras-Caçapava-Catanduva-São Paulo-Votorantim;33;0;3;16085;11288;32;0;4765;0;0;289;698;USD;0;0;38385702;ND;www.uniararas.br/
2;Universidade de Sorocaba;Sorocaba;ND;"Rogerio Augusto Profeta(Secretário Executivo) ";(15)21017000;uniso@uniso.br;Rodovia Raposo Tavares S/N Km 92 5;0;0;0;3;Sorocaba-Tietê ;68;0;0;15884;11043;112;0;4729;0;0;443;320;USD;0;0;25080222;ND;www.uniso.br/
2;Centro Universitário Estácio da Bahia - Estácio FIB;Salvador;ND;Virgilio Deloy Capobianco Gibbon (Diretor) ;(71)21078100;ouvidoria@fib.br;Rua Xingu 179 Jardim Atalaia;1;0;0;2;Salvador;44;0;0;15816;11307;0;0;4509;0;0;295;111;USD;0;0;50264536;ND;portal.estacio.br/
2;Centro Universitário Anhanguera de Niterói;Niterói;ND;Gislaine Moreno (Dirigente);(21)21991441 ;ddi@kroton.com.br;Rua Visconde do Rio Branco  Nº:  137 ;1;0;0;3;Itaboraí-Niterói;30;0;0;15711;10106;0;0;5605;0;0;216;180;USD;0;0;575539794;ND;www.anhanguera.com/graduacao/.../unipli.php
2;Centro Universitário de João Pessoa;Joao Pessoa;ND;"Ana Flavia Pereira Medeiros da Fonseca (Diretor-Presidente) ";(83)21069200;reitoria@unipe.br;BR 230 - Km 22 s/n Campus do UNIPÊ;0;0;0;1;ND;23;0;0;15353;11208;0;0;4145;0;0;539;354;USD;0;0;31469641;ND;unipe.br/
2;Universidade de Santa Cruz do Sul;Santa Cruz do Sul;ND;"Carmen Lucia de Lima Helfer(Reitora/Presidente)";(51)37177300;mec@unisc.br;Av. Independência  2293 - Bairro Universitário 2293 ;0;0;0;7;Capão da Canoa-Montenegro-Porto Alegre-Santa Cruz do Sul-Sobradinho-Venâncio Aires;66;0;0;15083;11308;0;0;3775;0;0;690;816;USD;0;0;53159786;ND;www.unisc.br/
2;Universidade Camilo Castelo Branco;Sao Paulo;ND;Raquel Maria Ribeiro Junqueira da Costa Netto;(11)20700012;elaine.marcilio@unicastelo.br;Rua Carolina Fonseca 584 ;0;0;0;7;Descalvado-Fernandópolis-Santos-São Paulo-Sertãozinho ;56;0;6;14790;10735;182;0;3873;0;0;504;506;USD;0;0;32802244;ND;www.unicastelo.br/
2;Universidade Metodista de Piracicaba;Piracicaba;ND;Wilson Roberto Zuccherato (Dirigente);(19)31241600;reitoria@unimep.br;Rodovia do Açúcar s/n Km 156;0;0;0;4;Lins-Piracicaba-Santa Bárbara d´Oeste ;64;0;0;14286;10043;333;0;3910;0;0;567;624;USD;0;0;42929967;ND;www.unimep.br/
2;Universidade Vila Velha;Vila Velha;ND;José Luiz Dantas da Silva (Presidente) ;(27)34212006;uvv@uvv.br ;"Av. Comissário José Dantas de Mello  Nº:  21 CEP:  29102-920 ";0;0;0;3;Vila Velha;54;0;0;14271;10614;0;0;3657;0;0;541;283;USD;0;0;51586222;ND;www.uvv.br/
2;FIAM-FAAM - Centro Universitário;Sao Paulo;ND;Marcelo Barbalho Cardoso (Administrador);(11)33466219;reitoria@fiamfaam.br;Rua Taguá 150 Prédio 1;0;0;0;9;SAO PAULO;23;0;0;14207;8919;0;0;5288;0;0;326;63;USD;0;0;25050533;ND;www.fiamfaam.br/
2;Centro Universitário Nossa Senhora do Patrocínio;Salto;Estevao Anganuzzi;ND;(11)40139900;ricardo.calegari@dir.ceunsp.edu.br;Praça Antônio Vieira Tavares 73 Campus V;1;0;0;2;Itu-Salto ;67;0;0;14203;10405;0;0;3798;0;0;361;404;USD;0;0;23130819;ND;ceunsp.edu.br/
2;Universidade do Extremo Sul Catarinense;Criciuma;Gildo Volpato;ND;(48)34312565;ens@unesc.net;Avenida Universitária 1105 BLOCO ADMINISTRATIVO;0;0;0;1;ND;55;0;1;14003;10286;204;0;3513;0;0;658;487;USD;0;0;32798328;ND;www.unesc.net/
2;Centro Universitário Salesiano de São Paulo;Americana;ND;José Adão Rodrigues da Silva (Diretor Presidente) ;(11)32213031;procurador.institucional@unisal.br;Avenida de Cillo 3500 ;0;0;0;7;Americana-Campinas-Lorena-São Paulo;50;0;0;13980;9401;68;0;4511;0;0;438;419;USD;0;0;29990790;ND;unisal.br/
2;Centro Universitário Ítalo-Brasileiro;Sao Paulo;Marcos Antonio Gagliardi Cascino;ND;(11)56450073;adriani@italo.br;Avenida João Dias 2046 ;0;0;0;1;Sao Paulo;23;0;0;13813;11539;0;0;2274;0;0;194;227;USD;0;0;19573588;ND;italo.com.br/
2;Universidade Católica Dom Bosco;Campo Grande;ND;Gildasio Mendes Dos Santos (Presidente) ;(67)33123339;proed@ucdb.br;Av. Tamandaré   6000  Jardim Seminário. 6000 ;0;0;0;21;Salvador-Brasília-Goiânia-Belo Horizonte-Campo Grande-Corumbá-São Gabriel do Oeste-Sonora-Cuiabá-Poxoréo-Belém-Marabá-Santarém-Recife-Araçatuba ;30;0;13;13787;9752;154;0;3881;0;0;318;544;USD;0;0;36478598;ND;www.ucdb.br/
2;Universidade da Amazônia;Belem;ND;Paulo Roberto Carvalho Batista;(91)40093000;planeja@unama.br;Avenida Alcindo Cacela 287 Bloco C - Térreo;1;0;0;3;Ananindeua-Belém ;44;0;0;13733;9880;131;0;3722;0;0;477;490;USD;0;0;41386946;ND;www.unama.br/
2;Centro Universitário Padre Anchieta;Jundiai;ND;"Norberto Mohor Fornari (Diretor Presidente)";(11)45273444;norbertofornari@uol.com.br;Avenida Dr. Adoniro Ladeira 94 ;1;0;0;2;JUNDIAI;33;0;0;13685;10721;0;0;2964;0;0;433;347;USD;0;0;31160557;ND;www.anchieta.br/unianchieta/
2;Centro Universitário Senac;Sao Paulo;ND;"Luiz Francisco de Assis Salgado (Diretor Regional) ";(56)827444;mbissoli@sp.senac.br;Av. Engenheiro Eusébio Stevaux  nº 823 - Bairro Jurubatuba 823 ;0;0;0;5;Águas de São Pedro-Campos do Jordão-São Paulo;45;0;5;13017;8253;0;0;4764;0;0;425;444;USD;0;0;37537215;ND;www.sp.senac.br/centrouniversitario
2;Centro Universitário Cesmac;Maceio;ND;Joao Rodrigues Sampaio Filho (Dirigente);(82)32155205 ;joao.sampaio@cesmac.edu.br;"Rua Cônego Machado  Nº:  918CEP:  57051-160 ";0;0;0;11;Maceió;27;0;0;12933;10431;0;0;2502;0;0;611;618;USD;0;0;51515242;ND;www.fejal.com.br/
2;Centro Universitário Anhanguera;Santo Andre;ND;"Gislaine Moreno (Dirigente) ";(11)44358899;secretariageral.santoandre@unianhanguera.edu.br;Rua Senador Flaquer 456/459 ;1;0;0;3;Santo André;31;0;0;12818;8788;0;0;4030;0;0;244;116;USD;0;0;575539794;ND;http://www.anhanguera.com/home/
2;Universidade Católica de Pernambuco;Recife;ND;"Miguel de Oliveira Martins Filho (Diretor) ";(81)21194110;prubens@unicap.br;Rua do Príncipe 526 Campus Universitário;0;0;0;1;ND;38;0;0;12658;9662;241;0;2755;0;0;446;434;USD;0;0;41304403;ND;www.unicap.br/
2;Centro Universitário Fieo;Osasco;ND;"Jose Cassio Soares Hungria (Pró-Reitor de Desenv. e Relações Comunitárias)";(11)36816000;reitoria@unifieo.br;Rua Narciso Sturlini  883 883 ;0;0;0;2;OSASCO;39;0;0;12268;8716;101;0;3451;0;0;411;268;USD;0;0;23792838;ND;www.unifieo.br/
2;Universidade Católica do Salvador;Salvador;Mauricio da Silva Ferreira ;ND;(71)33247500;reitoria@ucsal.br;Praça Ana Nery s/n ;0;0;0;6;Salvador;46;0;0;12256;9554;0;0;2702;0;0;391;350;USD;0;0;26957743;ND;www.ucsal.br/
2;Universidade São Francisco;Braganca Paulista;ND;"Raimundo Justiniano de Oliveira Castro (Presidente da Mantenedora) ";(11)24548000;nlegusf@saofrancisco.edu.br;Avenida São Francisco de Assis 218 Campus Universitário;0;0;0;6;Bragança Paulista-Campinas-Itatiba-São Paulo ;51;0;0;11767;8422;153;0;3192;0;0;508;637;USD;0;0;35984376;ND;www.usf.edu.br/
2;Universidade Santa Cecília;Santos;ND;Lúcia Maria Teixeira Furlani (Diretora Presidente) ;(13)32027100;zuleika@unisanta.br;Rua Oswaldo Cruz 266 ;0;0;0;2;Santos;33;0;1;11457;8655;81;0;2721;0;0;437;459;USD;0;0;72776076;ND;www.unisanta.br/
2;Universidade Iguaçu;Nova Iguacu;ND;"Helio Joaquim de Souza (Presidente da Mantenedora) ";(21)27654002;reitoria@unig.br;Avenida Abílio Augusto Távora 2134 ;0;0;0;3;Itaperuna-Nova Iguaçu-São João de Meriti ;38;0;0;11444;7872;0;0;3572;0;0;533;482;USD;0;0;30074599;ND;www.unig.br/
2;Centro Universitário da Fundação Educacional Inaciana pe Sabóia de Medeiros;Sao Bernardo do Campo;ND;Theodoro Paulo Severino Peters;(11)43532900;info_fei@fei.edu.br;Avenida Humberto Alencar Castelo Branco 3972 ;0;0;0;2;São Bernardo do Campo-São Paulo ;16;0;0;11295;8525;0;0;2770;0;0;363;353;USD;0;0;56529671;ND;www.fei.edu.br
2;Centro Universitário Carioca;Rio de Janeiro;Celso Niskier;ND;(21)25631900;reitoria@unicarioca.edu.br;Avenida Paulo de Frontin 568 ;0;0;0;5;Rio de Janeiro;35;0;0;11225;7735;0;0;3490;0;0;136;193;USD;0;0;15421800;ND;www.unicarioca.edu.br/
2;Universidade Regional do Noroeste do Estado do Rio Grande do Sul;Ijui;ND;"Martinho Luis Kelm (Dirigente) ";(55)33320200;martinho@unijui.edu.br;Rua do Comércio 3000 ;0;0;0;6;Ijuí-Panambi-Santa Rosa-Três Passos;53;0;9;11151;8114;0;0;3037;0;0;398;629;USD;0;0;43164394;ND;www.unijui.edu.br/
2;Centro Universitário de Araraquara;Araraquara;ND;Luiz Felipe Cabral Mauro;(16)33017100;uniara@uniara.com.br;Rua Voluntários da Pátria 1309 ;0;0;0;5;ARARAQUARA;32;0;0;10837;7955;110;0;2772;0;0;424;282;USD;0;0;27832675;ND;www.uniara.com.br/
2;Centro Universitário Univates;Lajeado;ND;Carlos Cândido da Silva Cyrne (Presidente da Mantenedora) ;(51)37147000;campus@univates.br;Rua Avelino Tallini 171 Caixa Postal 155;0;0;0;3;Encantado-Lajeado;44;0;0;10782;8523;113;0;2146;0;0;388;504;USD;0;0;47592587;ND;www.univates.br/
2;Centro Universitário Sant´anna;Sao Paulo;ND;"Leonardo Placucci Filho (Pró-Reitor Administrativo) ";(11)21758000;info@santanna.br;Rua Voluntários da Pátria 257 ;0;0;0;4;Sao Paulo;52;0;0;10499;7585;0;0;2914;0;0;234;256;USD;0;0;17226116;ND;www.unisantanna.br/
2;Centro Universitário de Rio Preto;Sao Jose Do Rio Preto;ND;"Halim Atique Junior (Diretor-Presidente)";(17)32113000;reitoria@unirpnet.com.br;Rua Yvette Gabriel Atique 45 ;1;0;0;11;Nova Venécia-Montes Claros-Petrolina-Santa Maria-Colina-São José do Rio Preto ;38;0;3;10441;7224;0;0;3217;0;0;310;439;USD;0;0;28330240;ND;www.unirp.edu.br/
2;Universidade de Ribeirão Preto;Ribeirao Preto;ND;ND;(16)36037000;elbonini@unaerp.br;AV. COSTÁBILE ROMANO 2201 ;0;0;0;2;Guarujá-Ribeirão Preto;38;0;2;10388;7690;137;0;2561;0;0;433;742;USD;0;0;39595802;ND;www.unaerp.br/
2;Centro Universitário de Anápolis;Anapolis;ND;Geraldo Henrique Ferreira Espindola;(62)33106600;helia@unievangelica.edu.br;Avenida Universitária s/n Km 3 5;0;0;0;2;Anápolis-Ceres ;29;0;0;10325;7652;41;0;2632;0;0;452;613;USD;0;0;55010213;ND;www.unievangelica.edu.br/
2;Centro Universitário Tupy;Joinville;ND;"Carlos Emilio Borsa(Diretor do Instituto Superior Tupy)";(47)34610172;carlos.borsa@sociesc.org.br;Rua Albano Schmidt  3333  Boa Vista  Joinville - SC;0;0;0;3;Joinville ;25;0;6;10300;7193;106;0;3001;0;0;337;168;USD;0;0;18828128;ND;www.sociesc.org.br/pt/unisociesc/
2;Centro Universitário do Distrito Federal;Brasilia;ND;Hermes Ferreira Figueiredo (Presidente da Mantenedora);(61)37048802;renato@udf.edu.br;SGA/SUL - QUADRA 903 CONJUNTO D LOTE 79 903 CONJUNTO  D;1;0;0;2;Brasilia;26;0;0;10242;7446;0;0;2796;0;0;311;135;USD;0;0;27212669;ND;www.udf.edu.br/
2;Universidade José do Rosário Vellano;Alfenas;ND;Larissa Araújo Velano ;(35)32993257;unifenas@unifenas.br;Rodovia Mg 179 - Km 0 s/n ;0;0;0;9;Alfenas-Belo Horizont-Campo Belo-Divinópolis-Poços de Caldas-Varginha ;38;0;0;10212;7549;55;0;2608;0;0;628;891;USD;0;0;57158332;ND;www.unifenas.br/
2;Universidade Tuiuti do Paraná;Curitiba;ND;"Carlos Eduardo Rangel Santos (Sócio - Gerente Gral) ";(41)33317700;gabinete@utp.br;Rua Cícero Jaime Bley S/n Hangar 40;1;0;0;4;Curitiba;61;0;0;10146;7705;228;0;2213;0;0;437;292;USD;0;0;28872862;ND;www.utp.br/
2;Centro Universitário do Leste de Minas Gerais;Coronel Fabriciano;ND;Jose Nilton Dourado da Silva;(31)38426166;ses@unilestemg.br;Avenida Tancredo Neves 3500 Caixa Postal 63;0;0;0;2;Ipatinga-Coronel Fabriciano;35;0;0;10101;7398;0;0;2703;0;0;303;362;USD;0;0;23133729;ND;www.unilestemg.br/
2;Universidade de Itaúna;Itauna;ND;Eunice Batista Gonçalves;(37)32493003;uit@uit.br;Rodovia Mg 431 Km 45 s/n ;0;0;0;5;Itaúna-Almenara;22;0;0;10034;8172;0;0;1862;0;0;401;384;USD;0;0;37675153;ND;www.uit.br/
2;Centro Universitário do Triângulo;Uberlandia;ND;Wellington Salgado de Oliveira;(34)40099053;cpa@unitri.edu.br;Av.  Nicomedes Alves dos Santos 4545 ;0;0;0;1;ND;30;0;0;9752;7000;0;0;2752;0;0;254;393;USD;0;0;49681732;ND;unitri.edu.br/
2;Universidade Presidente Antônio Carlos;Barbacena;ND;Bonifácio José Tamm de Andrada;(31)34225044;kesciacarvalho@yahoo.com.br;Rodovia MG 338 Km12 s/n ;0;0;0;4;Barbacena-Juiz de Fora ;38;0;0;9736;7485;52;0;2199;0;0;536;515;USD;0;0;41598008;ND;www.fupac.edu.br/
2;Centro Universitário de Patos de Minas;Patos de Minas;ND;Waldemar Rocha Filho ;(34)38230300;assessoria.educacional@unipam.edu.br;Rua Major Gote 808 ;0;0;0;1;ND;30;0;0;8970;6466;0;0;2504;0;0;273;353;USD;0;0;26113608;ND;www2.unipam.edu.br/
2;Universidade do Sagrado Coração;Bauru;ND;Miriam Cunha Sobrinha (Chanceler) ;(14)21077380;reitoria@usc.br;Rua Irmã Arminda 18537 ;0;0;0;1;ND;54;0;0;8927;5849;71;0;3007;0;0;281;195;USD;0;0;25297101;ND;www.usc.br/
2;ABEU - Centro Universitário;Belford Roxo;Valdir Vilela;"Paulo Roberto de Menezes Chaves (Diretor) ";(21)21040460;prmc@abeu.com.br ;Rua Itaiara 301 ;0;0;0;6;Angra dos Reis-Belford Roxo-Nilópolis-Nova Iguaçu-Rio de Janeiro;23;0;0;8917;6523;0;0;2394;0;0;287;384;USD;0;0;11388633;ND;www.uniabeu.edu.br/
2;Centro Universitário de Goiás;Goiania;Joveny Sebastiao Candido de Oliveira;ND;(62)32461434;anhanguera@anhanguera.edu.br;Rua Professor Lázaro Costa 456 ;0;0;0;1;ND;30;0;0;8828;6928;0;0;1900;0;0;204;95;USD;0;0;13770050;ND;anhanguera.edu.br/
2;Centro Universitário de Volta Redonda;Volta Redonda;Claudia Yamada Utagawa;ND;(24)33408400;unifoa@foa.org.br;Avenida Paulo Erlei Alves Abrantes 1325 ;0;0;0;3;Volta Redonda;23;0;0;8684;6377;126;0;2181;0;0;447;624;USD;0;0;34184975;ND;www.foa.org.br/
2;Centro Universitário Anhanguera de Campo Grande;Campo Grande;ND;"Gislaine Moreno (Dirigente)";(67)33166000;presidente@unianhanguera.edu.br;Avenida Fernando Correa da costa 1800 ;1;0;0;2;Campo Grande;17;0;0;8638;5862;0;0;2776;0;0;164;112;USD;0;0;575539794;ND;www.anhanguera.com/graduacao/localidades/campogrande1ms.php
2;Centro Universitário La Salle;Canoas;ND;Edgar Genuino Nicodem;(51)34768500;reitoria@unilasalle.edu.br;Av. Victor Barreto 2288 ;0;0;0;1;ND;51;0;0;8600;6062;0;0;2538;0;0;264;282;USD;0;0;23482520;ND;unilasalle.edu.br/canoas/
2;Centro Universitário Euro-Americano;Brasilia;ND;"Miguel Antônio Ferreira Fecury (Pró-Reitor Financeiro) ";(61)34455888;reitoria@unieuro.com.br;SCES Trecho 0 - Conjunto 5 s/n Avenida das Nações S;0;0;0;3;BRASILIA;44;0;0;8354;5329;28;0;2997;0;0;247;193;USD;0;0;20450155;ND;www.unieuro.edu.br/
2;Centro Universitário Adventista de São Paulo;Engenhero Coelho;Euler Pereira Bahia;ND;(11)58228000;euler.bahia@unasp.edu.br;Estrada de Itapecerica 5859 ;0;0;0;2;Engenheiro Coelho-São Paulo ;30;0;0;8229;6110;0;0;2119;0;0;297;804;USD;0;0;23888908;ND;www.unasp.edu.br/
2;Universidade Católica de Santos;Santos;ND;"Alberto Ferreira do Carmo Filho (Gerente Executivo) ";(13)32281263;secgeral@unisantos.br;Avenida Conselheiro Nébias 300 ;1;0;0;3;Santos;45;0;0;8034;5955;108;0;1971;0;0;432;290;USD;0;0;27936293;ND;www.unisantos.br/
2;Centro Universitário Moura Lacerda;Ribeirao Preto;ND;"Glauco Eduardo Pereira Cortez (Diretor Superintendente) ";(16)21011010;reitoria@mouralacerda.edu.br;Rua Padre Euclides 995 ;0;0;0;3;Jaboticabal-Ribeirão Preto ;37;0;0;8029;4926;49;0;3054;0;0;250;220;USD;0;0;17823140;ND;www.mouralacerda.edu.br/
2;Centro Universitário Monte Serrat;Santos;ND;"Rodrigo Rossetto Dias Ramos (Diretor) ";(13)32282000;waldirene.veloso@unimonte.br;Avenida Rangel Pestana 99 ;1;0;0;1;ND;33;0;0;7898;5044;0;0;2854;0;0;266;141;USD;0;0;19482560;ND;www.unimonte.br/
2;Centro Universitário da Fundação Educacional de Barretos;Barretos;Reginaldo da Silva;ND;(17)33216411;reitoria@feb.br;Avenida Professor Roberto Frade Monte 389 ;0;0;0;1;ND;29;0;0;7586;5986;0;0;1600;0;0;317;111;USD;0;0;17387767;ND;www.feb.br/
2;Centro Universitário Facex;Natal;ND;Jose Maria Barreto Figueiredo;(84)32351415 ;secretaria@facex.com.br ;"  Rua Orlando Silva  Nº:  2896  CEP:  59080-020 ";0;0;0;1;ND;25;0;0;7584;5142;0;0;2442;0;0;184;170;USD;0;0;21779530;ND;www.facex.com.br/superior
2;Centro Universitário de Barra Mansa;Barra Mansa;Leandro Alvaro Chaves;ND;(24)33250216;ubm@ubm.br;Rua Vereador Pinho de Carvalho 267 ;0;0;0;2;ND;33;0;0;7553;5282;0;0;2271;0;0;235;275;USD;0;0;21944148;ND;www.ubm.br/
2;Centro Universitário Curitiba;Curitiba;ND;"Rosa Maria Cianci Vianna de Barros (diretora administrativo financeira)";(41)32138700;milton.mayer@unicuritiba.edu.br;Rua Chile 1678 Prédio;1;0;0;1;Curitiba;13;0;0;7465;5400;39;0;2026;0;0;233;411;USD;0;0;29190585;ND;www.unicuritiba.edu.br/
2;Universidade da Região da Campanha;Bage;ND;Derli Joao Siqueira da Silva (Presidente da Fundação Attila Taborda);(53)32428244;urcamp@urcamp.tche.br;Avenida Tupy Silveira 2099 Campus Sede da URCAM;0;0;0;20;Alegrete-São Gabriel-Bagé-Caçapava do Su-Dom Pedrito-Itaqui-Antana do Livramento-São Borja ;58;0;0;7366;5826;0;0;1540;0;0;494;287;USD;0;0;17197422;ND;www.urcamp.tche.br/
2;Centro Universitário Católico Salesiano Auxilium;Lins;Luigi Favero;Gildasio Mendes Dos Santos;(14)35336200;academico@unisalesiano.edu.br;Rua Dom Bosco 265 ;0;0;0;2;ND;44;0;0;7247;6031;0;0;1216;0;0;258;184;USD;0;0;11169235;ND;www.unisalesiano.edu.br/
2;Centro Universitário Metodista;Porto Alegre;ND;Wilson Roberto Zuccherato (Dirigente);(51)33161100;reitoria@metodistadosul.edu.br;Rua Coronel Joaquim Pedro Salgado 80 Terreo;0;0;0;2;Porto Alegre;37;0;0;7106;5417;71;0;1618;0;0;336;401;USD;0;0;21443821;ND;www.metodistadosul.edu.br/
2;Centro Universitário Franciscano;Santa Maria;ND;Valderesa Moro;(55)32201200;reitoria@unifra.br;Rua dos Andradas 1614 ;0;0;0;1;ND;33;0;0;7080;5171;54;0;1855;0;0;432;215;USD;0;0;27358051;ND;www.unifra.br/
2;Centro Universitário Hermínio da Silveira;Rio de Janeiro;ND;Sergio Luiz Vasquez Machado (Diretor Gral da Mantenedora - IBMR) ;(21)25598601;ibmr@ibmr.br;Praia de Botafogo 158 ;1;0;0;3;Rio de Janeiro;28;0;0;6865;4395;0;0;2470;0;0;230;110;USD;0;0;11242911;ND;www.ibmr.br/
2;Centro Universitário da Faculdade de Saúde  Ciências Humanas e Tecnológicas do Piauí;Teresina;ND;"Cristina Maria Miranda de Sousa (Dirigente)";(86)21060700 ;uninovafapi@uninovafapi.edu.br;"Rua Vitorino Orthiges Fernandes  Nº:  6123  CEP:  64073-505 ";1;0;0;7;Timon-Campo Maior-Floriano-Pedro II-Teresina-Uruçuí;15;0;0;6803;5663;39;0;1101;0;0;267;221;USD;0;0;27185808;ND;uninovafapi.edu.br/
2;Centro Universitário Barão de Mauá;Ribeirao Preto;ND;"Antonio Augusto Abbari Dinamarco (Diretor Administrativo) ";(16)36036600;webmaster@baraodemaua.com.br;Rua Ramos de Azevedo 423 ;0;0;0;5;RIBEIRAO PRETO;42;0;0;6695;4687;0;0;2008;0;0;441;381;USD;0;0;26066671;ND;www.baraodemaua.br/
2;Centro Universitário São Camilo;Sao Paulo;ND;Carlos Ferrara Junior (Diretor Gral de Ensino) ;(11)25884000;rca@saocamilo.br;Avenida Nazaré 1501 ;0;0;0;3;Sao Paulo;21;0;0;6692;5185;51;0;1456;0;0;346;432;USD;0;0;31030594;ND;www.saocamilo-sp.br/
2;Centro Universitário Moacyr Sreder Bastos;Rio de Janeiro;ND;Sthefano Bruno Pinto da Costa;(21)24135727;praa@msb.br;Rua Engenheiro Trindade 229 ;0;0;0;4;Rio de Janeiro;31;0;0;6685;4204;0;0;2481;0;0;154;133;USD;0;0;11601272;ND;www.msb.br/
2;Universidade de Marília;Marilia;ND;Marcio Mesquita Serva (Dirigente) ;(14)21054111;reitoria@unimar.br;Avenida Higyno Muzzi Filho 1001 Bloco I;1;0;0;1;ND;31;0;0;6682;4731;48;0;1903;0;0;331;378;USD;0;0;32122662;ND;www.unimar.br/
2;Centro Universitário Filadélfia;Londrina;Eleazar Ferreira;ND;(43)33757500;caa@unifil.br;Avenida Juscelino Kubitscheck 1626 ;0;0;0;3;LONDRINA;23;0;0;6613;4742;0;0;1871;0;0;372;546;USD;0;0;24211496;ND;www.unifil.br/
2;Centro Universitário Metodista Izabela Hendrix;Belo Horizonte;ND;Wilson Roberto Zuccherato (Dirigente);(31)32447269;paula.silva@metodistademinas.edu.br;Rua da Bahia 2020 ;0;0;0;2;Belo Horizonte;32;0;0;6543;5190;0;0;1353;0;0;337;311;USD;0;0;19105266;ND;www.izabelahendrix.edu.br/
2;Centro Universitário Geraldo di Biase;Volta Redonda;Geraldo di Biase Filho ;ND;(24)33451708;reitoria@ugb.edu.br;Rua Deputado Geraldo Di Biase 81 ;0;0;0;4;Barra do Piraí-Nova Iguaçu-Volta Redonda ;32;0;0;6506;4643;0;0;1863;0;0;299;341;USD;0;0;10463195;ND;www.ferp.br/
2;Centro Universitário Estácio de Sá de Santa Catarina;Sao Jose;ND;"Rogerio Frota Melzi (Diretor Presidente)";(48)33818001 ;rafael.villari@estacio.br;"Avenida Leoberto Leal  Nº:  431CEP:  88017-001";1;0;0;1;ND;19;0;0;6430;4697;0;0;1733;0;0;167;61;USD;0;0;22032337;ND;portal.estacio.br/unidades/centro-universitario-estacio-de-sa-de-santa-catarina.aspx
2;Centro Universitário Luterano de Palmas;Palmas;ND;Adilson Ratund ;(63)32198018;direcao@ceulp.edu.br;Avenida Teotônio Segurado s/n 1501 Sul;0;0;0;1;Palmas;25;0;0;6250;4625;0;0;1625;0;0;197;130;USD;0;0;212502685;ND;ulbra-to.br/
2;FAE Centro Universitário;Curitiba;Nelson José Hillesheim;ND;(41)21054100;dlne@fae.edu;Rua 24 de Maio  Nº:  135  CEP:  80230-080;0;0;0;3;Curitiba;23;0;0;6218;4526;0;0;1692;0;0;271;142;USD;0;0;23652871;ND;www.fae.edu/
2;Universidade Vale do Rio Doce;Governador Valadares;ND;Francisco Sergio Silvestre;(33)32795200;reitoria@univale.br;Rua Moreira Sales 850 Campus Armando Vieir;0;0;0;2;GOVERNADOR VALADARES;35;0;0;6160;4656;71;0;1433;0;0;308;318;USD;0;0;16183261;ND;www.univale.br/
2;Centro Universitário Belas Artes de São Paulo;Sao Paulo;ND;Paulo Antonio Gomes Cardim (Diretor-Presidente) ;(11)55765703;paulo.cardim@belasartes.br;Rua Dr. Álvaro Alvim 76 ;0;0;0;2;Sao Paulo;12;0;0;6122;4245;0;0;1877;0;0;223;283;USD;0;0;35512434;ND;www.belasartes.br/
2;Centro Universitário Dinâmica das Cataratas;Foz do Iguacu;ND;"Rosicler Hauagge do Prado (Diretora Presidente)";(45)35236900;angela@udc.edu.br;Rua Castelo Branco  Nº:  349 CEP:  85852-010 ;1;0;0;6;Cascavel-Foz do Iguaçu-Guarapuava-Medianeira ;20;0;5;6107;4526;0;0;1581;0;0;255;80;USD;0;0;10770418;ND;www.udc.edu.br/
2;Universidade Católica de Pelotas;Pelotas;ND;"Jacinto Bergmann (Presidente da SPAC) ";(53)21288000;ucpel@ucpel.tche.br;Rua Félix da Cunha 412 ;0;0;0;2;Pelotas-Santa Vitória do Palmar;34;0;0;5963;4447;183;0;1333;0;0;292;372;USD;0;0;32265904;ND;www.ucpel.edu.br/
2;Centro Universitário do Sul de Minas;Varginha;ND;Stefano Barra Gazzola ;(35)32195000;reitor@unis.edu.br;Avenida Coronel José Alves 256 ;0;0;0;7;Betim-Formiga-Silvianópolis-Varginha ;27;0;9;5615;3851;0;0;1764;0;0;226;282;USD;0;0;17715434;ND;www.unis.edu.br/
2;Centro Universitário de Votuporanga;Votuporanga;ND;Nelson Thomé Seraphim Júnior;(17)34059999;ate@fev.edu.br;Rua Pernambuco 4196 Terreo;0;0;0;2;Votuporanga;38;0;0;5482;4092;0;0;1390;0;0;227;234;USD;0;0;15283862;ND;www.unifev.edu.br/
2;Centro Universitário do Estado do Pará;Belem;ND;Joao Paulo Mendes Filho;(91)40092100;cesupa@cesupa.br;Avenida Nazaré 630 ;0;0;0;4;Belém;18;0;0;5479;4332;9;0;1138;0;0;372;391;USD;0;0;33020155;ND;www.cesupa.br/
2;Universidade do Vale do Paraíba;Sao Jose Dos Campos;ND;"Samuel Roberto Ximenes Costa(Pró-Reitor e.s. e e.cont.) ";(12)39471056;texjr@univap.br;Av. Shishima Hifumi  nº 2911  Bairro Urbanova 2911 ;0;0;0;6;Caçapava-Campos do Jordão-Jacareí-São José dos Campos;52;0;0;5473;4273;136;0;1064;0;0;340;409;USD;0;0;27831192;ND;www.univap.br/
2;Centro Universitário Central Paulista;Sao Carlos;ND;"Marcello Aparecido Ienco (Diretor Administrador) ";(16)33622111;milani@unicep.com.br;Rua Pedro Bianchi 111 ;1;0;0;2;Sao Carlos;28;0;0;5463;4206;0;0;1257;0;0;197;109;USD;0;0;14340010;ND;www.unicep.edu.br/
2;Centro Universitário Fundação de Ensino Octávio Bastos - FEOB;Sao Joao da Boa Vista;João Otávio Bastos Junqueira;ND;(19)36343328;geralsecret@unifeob.edu.br;Rua General Osório 433 Sede;0;0;0;3;  São João da Boa Vista;27;0;0;5460;3442;0;0;2018;0;0;168;178;USD;0;0;10290054;ND;unifeob.edu.br/
2;Centro Universitário do Espírito Santo;Colatina;Pergentino de Vasconcellos;ND;(27)37233000;fchiepe@unesc.br;Rua Fioravante Rossi 2930 ;0;0;0;2;Colatina-Serra;25;0;0;5448;4021;0;0;1427;0;0;237;261;USD;0;0;26699555;ND;www.unesc.br/
2;Centro Universitário do Instituto Mauá de Tecnologia;Sao Caetano do Sul;ND;Francisco Jose Olivieri (Superintendente Gral) ;(11)42393000;ceun@maua.br;Praça Mauá 1 ;0;0;0;2;São Caetano do Sul-São Paulo ;15;0;0;5445;4053;34;0;1358;0;0;235;298;USD;0;0;40609579;ND;www.maua.br/index/centro-universitario
2;Centro Universitário Anhangüera;Leme;ND;Gislaine Moreno (Dirigente);(19)35715717;daex.aesa@aesapar.com;Rua Waldemar Silenci 340 ;1;0;0;2;Leme-Pirassununga;20;0;0;5372;3843;0;0;1529;0;0;113;90;USD;0;0;575539794;ND;www.anhanguera.com/home/
2;Centro Universitário do Rio Grande do Norte;Natal ;ND;Manoel de Medeiros Brito (Presidente da Mantenedora);(84)32152917;unirn@unirn.edu.br;Rua Prefeita Eliane Barros  Nº:  2000 CEP:  59014-540 ;0;0;0;1;ND;14;0;0;5289;3954;0;0;1335;0;0;181;107;USD;0;0;12392084;ND;www.unirn.edu.br/
2;Centro Universitário Cândido Rondon;Cuiaba;ND;Gislaine Moreno (Dirigente);(65)33164000;reitoria@unirondon.br;Avenida Beira Rio 3001 ;0;0;0;1;ND;21;0;0;5229;3891;0;0;1338;0;0;129;104;USD;0;0;19593060;ND;www.unirondon.br/
2;Centro Universitário Serra Dos Órgãos;Teresopolis;ND;Luis Eduardo Possidente Tostes (Diretor Gral) ;(21)26417005;reitor@feso.br;Avenida Alberto Torres 111 ;0;0;0;3;TERESOPOLIS;16;0;0;4967;3800;0;0;1167;0;0;521;480;USD;0;0;35694885;ND;www.unifeso.edu.br/
2;Universidade Católica de Petrópolis;Petropolis;ND;Leozírio Paixão Neto;(24)22444000;reitor@ucp.br;Rua Benjamin Constant 213 ;0;0;0;2;Petrópilis;36;0;0;4931;3828;101;0;1002;0;0;203;208;USD;0;0;13553234;ND;www.ucp.br/
2;Centro Universitário de Sete Lagoas;Sete Lagoas;ND;Jose Campolina de Souza ;(31)21062106;secretariageral@unifemm.edu.br;Avenida Marechal Castelo Branco 2765 Campus Universitário;0;0;0;2;SETE LAGOAS;27;0;0;4641;4151;0;0;490;0;0;194;214;USD;0;0;19392238;ND;www.unifemm.edu.br/
2;Centro Universitário São Camilo - Espírito Santo;Cachoeiro de Itapemirim;ND;"Carlos Ferrara Junior (Diretor Gral de Ensino) ";(28)35265911;danielafiorini@saocamilo-es.br;Rua São Camilo de Lellis 1 ;0;0;0;2;Cachoeiro de Itapemirim;22;0;0;4612;3773;0;0;839;0;0;121;421;USD;0;0;11922111;ND;www.saocamilo-es.br/centrouniversitario
2;Universidade do Vale do Sapucaí;Pouso Alegre;ND;Rafael Tadeu Simões;(35)34492300;reitoria@univas.edu.br;Avenida Coronel Alfredo Custódio de Paula  320 - Centro - Pouso Alegre / MG 320 ;0;0;0;2;Porto Alegre;21;0;0;4570;3528;32;0;1010;0;0;290;105;USD;0;0;22643401;ND;www.univas.edu.br/
2;Universidade Severino Sombra;Vassouras;ND;Marco Antonio Vaz Capute ;(24)24718378;reitoria@uss.br;AVENIDA EXPEDICIONÁRIO OSWALDO DE ALMEIDA RAMOS 280 BLOCO 7;0;0;0;2;Maricá-Vassouras;32;0;0;4492;3393;86;0;1013;0;0;316;1198;USD;0;0;20444378;ND;www.uss.br/
2;Centro Universitário Christus;Fortaleza;Jose Lima de Carvalho Rocha;ND;(85)34575300;fc@unichristus.edu.br ;"Rua Israel Bezerra  Nº:  630CEP:  60135-460";1;0;0;7;Fortaleza;11;0;0;4393;3304;0;0;1089;0;0;335;403;USD;0;0;18936187;ND;www.fchristus.com.br/
2;Centro Universitário de Caratinga;Caratinga;ND;"Francisco Barboza Motta (Dirigente) ";(33)33294500;ra.mec@funec.br;Av. Moacyr de Mattos 87 ;0;0;0;12;Caratinga-Janaúba-Nanuque-Santana do Paraíso-Teófilo Otoni ;28;0;0;4277;3167;0;0;1110;0;0;204;256;USD;0;0;21000773;ND;www.unec.edu.br/
2;Universidade Ibirapuera;Sao Paulo;ND;Jose Campos de Andrade;(11)50911193;nucai@ibirapuera.br;Avenida Iraí 297 ;0;0;0;2;Saao Paulo;31;0;0;3972;2712;17;0;1243;0;0;189;82;USD;0;0;13180274;ND;www.ibirapuera.br/
2;Centro Universitário FECAP;Sao Paulo;ND;Manuel José Nunes Pinto (Superintendente Gral) ;(11)32722273;reitoria@fecap.br;Avenida da Liberdade 532 Bloco C;0;0;0;1;ND;7;0;0;3858;2645;0;0;1213;0;0;143;157;USD;0;0;18944601;ND;www.fecap.br/
2;Centro Universitário de Formiga;Formiga;ND;Marco Antonio de Sousa Leão;(37)33291400;uniformg@uniformg.edu.br;Avenida Doutor Arnaldo de Senna 328 ;0;0;0;1;ND;24;0;0;3829;2790;0;0;1039;0;0;179;195;USD;0;0;13349426;ND;www.uniformg.edu.br/
2;Centro Universitario - Católica de Santa Catarina em Jaraguá do Sul;Jaragua do Sul;ND;"Frederico Unterberger (Presidente) ";(47)32758245 ;reitoria@catolicasc.org.br ;"Rua dos Imigrantes  Nº:  500 CEP:  89254-430 ";0;0;0;1;ND;17;0;0;3625;2792;0;0;833;0;0;195;92;USD;0;0;13987611;ND;www.catolicasc.org.br/
2;Centro Universitário Luterano de Ji-Paraná;Ji-Parana;ND;Adilson Ratund;(69)34163100;direcaojp@ulbra.br;Avenida Engenheiro Manfredo Barata Almeida da Fonseca 762 ;0;0;0;1;JI PARANA;20;0;0;3378;2652;0;0;726;0;0;117;80;USD;0;0;212502685;ND;www.ulbrajp.edu.br/
2;Centro Universitário Eurípedes de Marília;Marilia;Luiz Carlos de Macedo Soares;ND;(14)21050833;fundacao@univem.edu.br;Avenida Higyno Muzzy Filho 529 ;0;0;0;1;Marília;10;0;0;3261;2494;0;0;767;0;0;116;213;USD;0;0;10878647;ND;www.univem.edu.br/
2;Universidade de Cruz Alta;Cruz Alta;ND;Enedina Maria Teixeira da Silva;(55)33211739;reitoria@unicruz.edu.br;Rua Andrade Neves 308 ;0;0;0;2;Cruz Alta;25;0;0;3100;2346;14;0;740;0;0;163;227;USD;0;0;11170939;ND;www.unicruz.edu.br/
2;Centro Universitário Luterano de Santarém;Santarem;ND;Adilson Ratund;(93)35241055;direcao.stm@ulbra.br;AVENIDA SERGIO HENN 1787 ;0;0;0;1;Santarém;11;0;0;2461;1868;0;0;593;0;0;78;75;USD;0;0;212502685;ND;www.ulbra.br/santarem/
2;Centro Universitário Luterano de Manaus;Manaus;ND;Adilson Ratund;(92)36169800;legisnorma.manaus@ulbra.br;AVENIDA CARLOS DRUMMOND DE ANDRADE 1460 CONJUNTO ATÍLIO ANDR;0;0;0;1;Manaus;21;0;0;1666;1260;0;0;406;0;0;80;62;USD;0;0;212502685;ND;www.ulbra.br/manaus/
2;Centro Universitario - Católica de Santa Catarina em Joinville;JOINVILLE;ND;"Frederico Unterberger (Presidente) ";(47)31459700 ;reitoria@catolicasc.org.br;Rua Senador Felipe Schmidt  Nº:  S/N  CEP:  89201-440;0;0;0;1;ND;13;0;0;1462;832;0;0;630;0;0;110;29;USD;0;0;13987611;ND;www.catolicasc.org.br/
2;Centro Universitário Lusíada;Santos;Nelson Teixeira;ND;(13)32024500;unilus@lusiada.br;Armando de Salles Oliveira 150 ;0;0;0;3;Santos;9;0;0;1380;1103;19;0;258;0;0;196;242;USD;0;0;17091597;ND;www.lusiada.br/
2;Conservatório Brasileiro de Música - Centro Universitário;Rio de Janeiro;ND;"Cecilia Fernandez Conde(Diretora Gral) ";(21)34787600;cbm@cbm-musica.org.br;Avenida Graça Aranha 57 12º Andar;0;0;0;1;Rio de Janeiro;16;0;0;479;351;0;0;128;0;0;32;20;USD;0;0;165026844;ND;www.ebah.com.br/cbmceu